n_components,best_params,best_accuracy_cv,training_time,accuracy_test,mean_fit_time,std_fit_time,mean_score_time,std_score_time,param_nystroem__gamma,param_svm__C,params,split0_test_score,split1_test_score,split2_test_score,split3_test_score,split4_test_score,mean_test_score,std_test_score,rank_test_score
10,"{'nystroem__gamma': 7.939532520325204e-06, 'svm__C': 100.0}",0.805718783563095,15.285104274749756,0.7645107794361525,"[25.04485307 25.01011453 26.87495179 28.02373619 26.0937654  23.94241257
 25.57404895 26.30506363 26.0692596  39.42380724 23.6651011  25.67106357
 24.79559531 25.94811187 32.25877924 22.97981229 23.888094   24.63907633
 24.79454527 37.31610441 22.44591751 22.88999281 21.28659587 19.51322298
 16.70358644]","[ 0.49183884  0.25208839  1.4866839   0.20728727  1.11459342  0.34931182
  0.76258497  1.61763941  0.85784479 17.79056327  0.34134599  1.0717333
  1.69321707  1.85059779  1.89896171  0.88417208  1.54691016  1.59149984
  3.21910643  8.03594388  0.51559936  0.39612276  1.0116355   2.8559952
  3.19415001]","[3.54439449 3.53855457 3.50578332 3.49258156 3.22687864 3.50947299
 3.43081069 3.44642725 3.40511298 3.26895685 3.51075954 3.45333605
 3.48692141 3.38017397 3.12847061 3.41018267 3.4182693  3.37208056
 3.40643921 2.92735233 3.39801002 3.42289891 2.8144567  1.93966494
 1.94423409]","[0.03275429 0.05720614 0.05688347 0.08231464 0.13810673 0.08499466
 0.10271431 0.07419335 0.09000947 0.24744501 0.08908487 0.10057546
 0.0281904  0.1549929  0.14790747 0.07100923 0.0355024  0.07680216
 0.04938563 0.67870205 0.0313996  0.07244939 0.64673955 0.08907806
 0.09394021]","[7.939532520325204e-06 7.939532520325204e-06 7.939532520325204e-06
 7.939532520325204e-06 7.939532520325204e-06 8.982555655316915e-05
 8.982555655316915e-05 8.982555655316915e-05 8.982555655316915e-05
 8.982555655316915e-05 0.0010162601626016261 0.0010162601626016261
 0.0010162601626016261 0.0010162601626016261 0.0010162601626016261
 0.011497671238805652 0.011497671238805652 0.011497671238805652
 0.011497671238805652 0.011497671238805652 0.13008130081300814
 0.13008130081300814 0.13008130081300814 0.13008130081300814
 0.13008130081300814]","[0.0001 0.0031622776601683794 0.1 3.1622776601683795 100.0 0.0001
 0.0031622776601683794 0.1 3.1622776601683795 100.0 0.0001
 0.0031622776601683794 0.1 3.1622776601683795 100.0 0.0001
 0.0031622776601683794 0.1 3.1622776601683795 100.0 0.0001
 0.0031622776601683794 0.1 3.1622776601683795 100.0]","[{'nystroem__gamma': 7.939532520325204e-06, 'svm__C': 0.0001}, {'nystroem__gamma': 7.939532520325204e-06, 'svm__C': 0.0031622776601683794}, {'nystroem__gamma': 7.939532520325204e-06, 'svm__C': 0.1}, {'nystroem__gamma': 7.939532520325204e-06, 'svm__C': 3.1622776601683795}, {'nystroem__gamma': 7.939532520325204e-06, 'svm__C': 100.0}, {'nystroem__gamma': 8.982555655316915e-05, 'svm__C': 0.0001}, {'nystroem__gamma': 8.982555655316915e-05, 'svm__C': 0.0031622776601683794}, {'nystroem__gamma': 8.982555655316915e-05, 'svm__C': 0.1}, {'nystroem__gamma': 8.982555655316915e-05, 'svm__C': 3.1622776601683795}, {'nystroem__gamma': 8.982555655316915e-05, 'svm__C': 100.0}, {'nystroem__gamma': 0.0010162601626016261, 'svm__C': 0.0001}, {'nystroem__gamma': 0.0010162601626016261, 'svm__C': 0.0031622776601683794}, {'nystroem__gamma': 0.0010162601626016261, 'svm__C': 0.1}, {'nystroem__gamma': 0.0010162601626016261, 'svm__C': 3.1622776601683795}, {'nystroem__gamma': 0.0010162601626016261, 'svm__C': 100.0}, {'nystroem__gamma': 0.011497671238805652, 'svm__C': 0.0001}, {'nystroem__gamma': 0.011497671238805652, 'svm__C': 0.0031622776601683794}, {'nystroem__gamma': 0.011497671238805652, 'svm__C': 0.1}, {'nystroem__gamma': 0.011497671238805652, 'svm__C': 3.1622776601683795}, {'nystroem__gamma': 0.011497671238805652, 'svm__C': 100.0}, {'nystroem__gamma': 0.13008130081300814, 'svm__C': 0.0001}, {'nystroem__gamma': 0.13008130081300814, 'svm__C': 0.0031622776601683794}, {'nystroem__gamma': 0.13008130081300814, 'svm__C': 0.1}, {'nystroem__gamma': 0.13008130081300814, 'svm__C': 3.1622776601683795}, {'nystroem__gamma': 0.13008130081300814, 'svm__C': 100.0}]","[0.75909719 0.75909719 0.75909719 0.75909719 0.79640719 0.75909719
 0.75909719 0.75909719 0.78565945 0.75909719 0.75909719 0.75909719
 0.75909719 0.80423768 0.81913097 0.75909719 0.75909719 0.76708122
 0.75909719 0.80024566 0.75909719 0.75909719 0.75909719 0.75940427
 0.7610932 ]","[0.75921376 0.75921376 0.75921376 0.75921376 0.8161855  0.75921376
 0.75921376 0.75921376 0.80328624 0.83031327 0.75921376 0.75921376
 0.75921376 0.75921376 0.77610565 0.75921376 0.75921376 0.75921376
 0.75921376 0.7882371  0.75921376 0.75921376 0.75921376 0.75921376
 0.75967445]","[0.75921376 0.75921376 0.75921376 0.75921376 0.80866093 0.75921376
 0.75921376 0.75921376 0.80958231 0.75921376 0.75921376 0.75921376
 0.75921376 0.78593366 0.80651106 0.75921376 0.75921376 0.76965602
 0.75921376 0.75921376 0.75921376 0.75921376 0.75921376 0.75921376
 0.75936732]","[0.75921376 0.75921376 0.75921376 0.75921376 0.8046683  0.75921376
 0.75921376 0.75921376 0.82063882 0.79791155 0.75921376 0.75921376
 0.77088452 0.7718059  0.79791155 0.75921376 0.75921376 0.78854423
 0.78194103 0.75921376 0.75921376 0.75921376 0.75921376 0.76105651
 0.7602887 ]","[0.75921376 0.75921376 0.75921376 0.75921376 0.80267199 0.75921376
 0.75921376 0.75921376 0.79944717 0.80497543 0.75921376 0.75921376
 0.75921376 0.78746929 0.80666462 0.75921376 0.75921376 0.76105651
 0.77518428 0.75936732 0.75921376 0.75921376 0.75921376 0.75844595
 0.75921376]","[0.75919045 0.75919045 0.75919045 0.75919045 0.80571878 0.75919045
 0.75919045 0.75919045 0.8037228  0.79030224 0.75919045 0.75919045
 0.7615246  0.78173206 0.80126477 0.75919045 0.75919045 0.76911035
 0.76693    0.77325552 0.75919045 0.75919045 0.75919045 0.75946685
 0.75992748]","[4.66275915e-05 4.66275915e-05 4.66275915e-05 4.66275915e-05
 6.56202391e-03 4.66275915e-05 4.66275915e-05 4.66275915e-05
 1.15346588e-02 2.76200477e-02 4.66275915e-05 4.66275915e-05
 4.68017932e-03 1.52490962e-02 1.42836152e-02 4.66275915e-05
 4.66275915e-05 1.04393245e-02 9.73547935e-03 1.75507247e-02
 4.66275915e-05 4.66275915e-05 4.66275915e-05 8.60382905e-04
 6.89431267e-04]","[12 12 12 12  1 12 12 12  2  4 12 12  9  5  3 12 12  7  8  6 12 12 12 11
 10]"
20,"{'nystroem__gamma': 0.0010162601626016261, 'svm__C': 3.1622776601683795}",0.8226102321910705,14.246052980422974,0.8342239420183035,"[45.54540505 45.31687274 47.44774423 47.82574258 43.17590642 44.9401731
 46.14853778 46.53705716 44.9814857  45.35642934 44.9265162  46.82908416
 47.47700419 44.06257234 59.07974381 43.92468233 46.08609586 46.32601094
 47.61048079 68.43231101 40.78240652 40.60259533 41.29972129 29.18958931
 34.28015509]","[0.72287294 1.07251916 0.76268427 0.57667585 0.64569791 0.98472865
 0.48204555 0.62652513 1.30571731 1.74616397 0.96954815 0.73492403
 1.4729876  1.25905051 1.51518016 1.10051693 0.60509707 1.01536502
 2.09703708 2.72480221 0.44980531 1.27519275 1.41488084 4.11798984
 7.87635873]","[4.30368495 4.23763132 4.40897222 4.44447198 3.51878624 4.27208028
 4.31970315 4.47387948 3.68444324 3.47487574 4.34860435 4.62843151
 4.11637726 3.46060309 3.60973444 4.18991661 4.24744558 4.06900153
 3.5814539  3.39312167 4.08519402 4.21765862 3.43831453 2.18053088
 1.99618263]","[0.07500453 0.0900241  0.11166901 0.05979377 0.06274143 0.1579592
 0.10173142 0.11096705 0.14298565 0.14000213 0.17173798 0.12750509
 0.12275047 0.24096245 0.33133995 0.25286237 0.21545832 0.0908647
 0.19565729 0.13805908 0.15782718 0.16739423 0.71282777 0.05853808
 0.12556046]","[7.939532520325204e-06 7.939532520325204e-06 7.939532520325204e-06
 7.939532520325204e-06 7.939532520325204e-06 8.982555655316915e-05
 8.982555655316915e-05 8.982555655316915e-05 8.982555655316915e-05
 8.982555655316915e-05 0.0010162601626016261 0.0010162601626016261
 0.0010162601626016261 0.0010162601626016261 0.0010162601626016261
 0.011497671238805652 0.011497671238805652 0.011497671238805652
 0.011497671238805652 0.011497671238805652 0.13008130081300814
 0.13008130081300814 0.13008130081300814 0.13008130081300814
 0.13008130081300814]","[0.0001 0.0031622776601683794 0.1 3.1622776601683795 100.0 0.0001
 0.0031622776601683794 0.1 3.1622776601683795 100.0 0.0001
 0.0031622776601683794 0.1 3.1622776601683795 100.0 0.0001
 0.0031622776601683794 0.1 3.1622776601683795 100.0 0.0001
 0.0031622776601683794 0.1 3.1622776601683795 100.0]","[{'nystroem__gamma': 7.939532520325204e-06, 'svm__C': 0.0001}, {'nystroem__gamma': 7.939532520325204e-06, 'svm__C': 0.0031622776601683794}, {'nystroem__gamma': 7.939532520325204e-06, 'svm__C': 0.1}, {'nystroem__gamma': 7.939532520325204e-06, 'svm__C': 3.1622776601683795}, {'nystroem__gamma': 7.939532520325204e-06, 'svm__C': 100.0}, {'nystroem__gamma': 8.982555655316915e-05, 'svm__C': 0.0001}, {'nystroem__gamma': 8.982555655316915e-05, 'svm__C': 0.0031622776601683794}, {'nystroem__gamma': 8.982555655316915e-05, 'svm__C': 0.1}, {'nystroem__gamma': 8.982555655316915e-05, 'svm__C': 3.1622776601683795}, {'nystroem__gamma': 8.982555655316915e-05, 'svm__C': 100.0}, {'nystroem__gamma': 0.0010162601626016261, 'svm__C': 0.0001}, {'nystroem__gamma': 0.0010162601626016261, 'svm__C': 0.0031622776601683794}, {'nystroem__gamma': 0.0010162601626016261, 'svm__C': 0.1}, {'nystroem__gamma': 0.0010162601626016261, 'svm__C': 3.1622776601683795}, {'nystroem__gamma': 0.0010162601626016261, 'svm__C': 100.0}, {'nystroem__gamma': 0.011497671238805652, 'svm__C': 0.0001}, {'nystroem__gamma': 0.011497671238805652, 'svm__C': 0.0031622776601683794}, {'nystroem__gamma': 0.011497671238805652, 'svm__C': 0.1}, {'nystroem__gamma': 0.011497671238805652, 'svm__C': 3.1622776601683795}, {'nystroem__gamma': 0.011497671238805652, 'svm__C': 100.0}, {'nystroem__gamma': 0.13008130081300814, 'svm__C': 0.0001}, {'nystroem__gamma': 0.13008130081300814, 'svm__C': 0.0031622776601683794}, {'nystroem__gamma': 0.13008130081300814, 'svm__C': 0.1}, {'nystroem__gamma': 0.13008130081300814, 'svm__C': 3.1622776601683795}, {'nystroem__gamma': 0.13008130081300814, 'svm__C': 100.0}]","[0.75909719 0.75909719 0.75909719 0.76078612 0.82911101 0.75909719
 0.75909719 0.75909719 0.80991862 0.82112698 0.75909719 0.75909719
 0.81959159 0.81083986 0.81590665 0.75909719 0.75909719 0.75909719
 0.80761554 0.8145248  0.75909719 0.75909719 0.75909719 0.75909719
 0.75971135]","[0.75921376 0.75921376 0.75921376 0.77595209 0.81818182 0.75921376
 0.75921376 0.75921376 0.82847052 0.82463145 0.75921376 0.75921376
 0.7972973  0.82969902 0.79914005 0.75921376 0.75921376 0.76320639
 0.79637592 0.81664619 0.75921376 0.75921376 0.75921376 0.7602887
 0.75921376]","[0.75921376 0.75921376 0.75921376 0.75921376 0.8227887  0.75921376
 0.75921376 0.75921376 0.82324939 0.82371007 0.75921376 0.75921376
 0.7972973  0.8289312  0.82585995 0.75921376 0.75921376 0.8161855
 0.80850737 0.81695332 0.75921376 0.75921376 0.75921376 0.75921376
 0.76351351]","[0.75921376 0.75921376 0.75921376 0.76366708 0.8137285  0.75921376
 0.75921376 0.75921376 0.80988943 0.81633907 0.75921376 0.75921376
 0.80159705 0.82570639 0.83015971 0.75921376 0.75921376 0.79437961
 0.80082924 0.80390049 0.75921376 0.75921376 0.75921376 0.75936732
 0.75952088]","[0.75921376 0.75921376 0.75921376 0.76812039 0.82800983 0.75921376
 0.75921376 0.75921376 0.81679975 0.82386364 0.75921376 0.75921376
 0.81357494 0.81787469 0.83292383 0.75921376 0.75921376 0.77933047
 0.79545455 0.80482187 0.75921376 0.75921376 0.75921376 0.76074939
 0.75921376]","[0.75919045 0.75919045 0.75919045 0.76554789 0.82236397 0.75919045
 0.75919045 0.75919045 0.81766554 0.82193424 0.75919045 0.75919045
 0.80587163 0.82261023 0.82079804 0.75919045 0.75919045 0.78243983
 0.80175652 0.81136933 0.75919045 0.75919045 0.75919045 0.75974327
 0.76023465]","[4.66275915e-05 4.66275915e-05 4.66275915e-05 6.01993761e-03
 5.82478073e-03 4.66275915e-05 4.66275915e-05 4.66275915e-05
 7.33701489e-03 3.03673304e-03 4.66275915e-05 4.66275915e-05
 9.08722774e-03 7.22161703e-03 1.22743053e-02 4.66275915e-05
 4.66275915e-05 2.10038140e-02 5.46676612e-03 5.79026711e-03
 4.66275915e-05 4.66275915e-05 4.66275915e-05 6.55575794e-04
 1.65037509e-03]","[13 13 13 10  2 13 13 13  5  3 13 13  7  1  4 13 13  9  8  6 13 13 13 12
 11]"
50,"{'nystroem__gamma': 0.0010162601626016261, 'svm__C': 3.1622776601683795}",0.843708915565203,16.782042026519775,0.8485965235550642,"[ 89.62452374  89.49800925  91.39379334  92.58117933  76.81102591
  90.53024969  91.80376439  93.56993809  82.53548222  81.46067014
  90.85574293  93.7992836   86.55575986  78.30603557 116.9762023
  91.37850671  93.60811992  87.06664691  86.24222426 139.24956918
  87.21601048  88.73293738 100.54636889  91.25078955  99.03667626]","[ 0.70943587  0.20098698  0.37819339  1.06912501  1.5378633   0.68992193
  0.83066835  0.81118863  1.24777642  1.81354584  0.36984554  0.88407324
  1.06803291  0.96565829  1.48268705  0.8214781   0.49760951  1.88811513
  1.86126939  4.40574641  1.36157041  0.55583171  5.21963094  3.71807316
 13.18803121]","[13.45408306 13.49257612 13.7084353  13.78496838  8.89730024 12.96992202
 13.40982265 13.61604838  9.80444522  8.91635575 12.91238184 13.41789536
 11.48357019  9.93587165  9.33217025 11.75288677 13.28252301 12.21502123
 10.55884323  9.03408346 11.34050174 12.30518165  7.80642867  2.83666015
  2.44451027]","[0.16388132 0.16621947 0.07946066 0.0567882  0.12935154 0.18008783
 0.09276483 0.15420588 0.27844968 0.30995311 0.14735587 0.15932539
 0.26605771 0.11149294 0.3285898  0.06230407 0.21675888 0.35654826
 0.1326093  0.93454872 0.19321924 0.15018068 1.12659827 0.28349132
 0.20805608]","[7.939532520325204e-06 7.939532520325204e-06 7.939532520325204e-06
 7.939532520325204e-06 7.939532520325204e-06 8.982555655316915e-05
 8.982555655316915e-05 8.982555655316915e-05 8.982555655316915e-05
 8.982555655316915e-05 0.0010162601626016261 0.0010162601626016261
 0.0010162601626016261 0.0010162601626016261 0.0010162601626016261
 0.011497671238805652 0.011497671238805652 0.011497671238805652
 0.011497671238805652 0.011497671238805652 0.13008130081300814
 0.13008130081300814 0.13008130081300814 0.13008130081300814
 0.13008130081300814]","[0.0001 0.0031622776601683794 0.1 3.1622776601683795 100.0 0.0001
 0.0031622776601683794 0.1 3.1622776601683795 100.0 0.0001
 0.0031622776601683794 0.1 3.1622776601683795 100.0 0.0001
 0.0031622776601683794 0.1 3.1622776601683795 100.0 0.0001
 0.0031622776601683794 0.1 3.1622776601683795 100.0]","[{'nystroem__gamma': 7.939532520325204e-06, 'svm__C': 0.0001}, {'nystroem__gamma': 7.939532520325204e-06, 'svm__C': 0.0031622776601683794}, {'nystroem__gamma': 7.939532520325204e-06, 'svm__C': 0.1}, {'nystroem__gamma': 7.939532520325204e-06, 'svm__C': 3.1622776601683795}, {'nystroem__gamma': 7.939532520325204e-06, 'svm__C': 100.0}, {'nystroem__gamma': 8.982555655316915e-05, 'svm__C': 0.0001}, {'nystroem__gamma': 8.982555655316915e-05, 'svm__C': 0.0031622776601683794}, {'nystroem__gamma': 8.982555655316915e-05, 'svm__C': 0.1}, {'nystroem__gamma': 8.982555655316915e-05, 'svm__C': 3.1622776601683795}, {'nystroem__gamma': 8.982555655316915e-05, 'svm__C': 100.0}, {'nystroem__gamma': 0.0010162601626016261, 'svm__C': 0.0001}, {'nystroem__gamma': 0.0010162601626016261, 'svm__C': 0.0031622776601683794}, {'nystroem__gamma': 0.0010162601626016261, 'svm__C': 0.1}, {'nystroem__gamma': 0.0010162601626016261, 'svm__C': 3.1622776601683795}, {'nystroem__gamma': 0.0010162601626016261, 'svm__C': 100.0}, {'nystroem__gamma': 0.011497671238805652, 'svm__C': 0.0001}, {'nystroem__gamma': 0.011497671238805652, 'svm__C': 0.0031622776601683794}, {'nystroem__gamma': 0.011497671238805652, 'svm__C': 0.1}, {'nystroem__gamma': 0.011497671238805652, 'svm__C': 3.1622776601683795}, {'nystroem__gamma': 0.011497671238805652, 'svm__C': 100.0}, {'nystroem__gamma': 0.13008130081300814, 'svm__C': 0.0001}, {'nystroem__gamma': 0.13008130081300814, 'svm__C': 0.0031622776601683794}, {'nystroem__gamma': 0.13008130081300814, 'svm__C': 0.1}, {'nystroem__gamma': 0.13008130081300814, 'svm__C': 3.1622776601683795}, {'nystroem__gamma': 0.13008130081300814, 'svm__C': 100.0}]","[0.75909719 0.75909719 0.75909719 0.8011669  0.84077998 0.75909719
 0.75909719 0.75909719 0.83909105 0.84154767 0.75909719 0.75909719
 0.82772916 0.8377092  0.84231537 0.75909719 0.75909719 0.81268233
 0.82542607 0.82972517 0.75909719 0.75909719 0.75909719 0.75940427
 0.76324275]","[0.75921376 0.75921376 0.75921376 0.79591523 0.83737715 0.75921376
 0.75921376 0.75921376 0.83277027 0.84305897 0.75921376 0.75921376
 0.83691646 0.84183047 0.84413391 0.75921376 0.75921376 0.81971744
 0.82693489 0.83384521 0.75921376 0.75921376 0.75952088 0.76059582
 0.76013514]","[0.75921376 0.75921376 0.75921376 0.79637592 0.84566953 0.75921376
 0.75921376 0.75921376 0.84090909 0.84198403 0.75921376 0.75921376
 0.83461302 0.84536241 0.83891278 0.75921376 0.75921376 0.82324939
 0.8252457  0.83092752 0.75921376 0.75921376 0.75921376 0.75952088
 0.76474201]","[0.75921376 0.75921376 0.75921376 0.80113636 0.84121622 0.75921376
 0.75921376 0.75921376 0.84290541 0.84336609 0.75921376 0.75921376
 0.83399877 0.84659091 0.84351966 0.75921376 0.75921376 0.82432432
 0.82693489 0.83031327 0.75921376 0.75921376 0.75921376 0.75936732
 0.76428133]","[0.75921376 0.75921376 0.75921376 0.79898649 0.84321253 0.75921376
 0.75921376 0.75921376 0.84213759 0.84643735 0.75921376 0.75921376
 0.82939189 0.8470516  0.84413391 0.75921376 0.75921376 0.81019656
 0.82371007 0.83277027 0.75921376 0.75921376 0.75921376 0.75921376
 0.76259214]","[0.75919045 0.75919045 0.75919045 0.79871618 0.84165108 0.75919045
 0.75919045 0.75919045 0.83956268 0.84327882 0.75919045 0.75919045
 0.83252986 0.84370892 0.84260312 0.75919045 0.75919045 0.81803401
 0.82565032 0.83151629 0.75919045 0.75919045 0.75925187 0.75962041
 0.76299867]","[4.66275915e-05 4.66275915e-05 4.66275915e-05 2.24759784e-03
 2.74956350e-03 4.66275915e-05 4.66275915e-05 4.66275915e-05
 3.63252182e-03 1.71496881e-03 4.66275915e-05 4.66275915e-05
 3.42441628e-03 3.51393328e-03 1.96102473e-03 4.66275915e-05
 4.66275915e-05 5.65098707e-03 1.20654861e-03 1.54908828e-03
 4.66275915e-05 4.66275915e-05 1.41881597e-04 4.97488028e-04
 1.61920552e-03]","[14 14 14 10  4 14 14 14  5  2 14 14  6  1  3 14 14  9  8  7 14 14 13 12
 11]"
100,"{'nystroem__gamma': 8.982555655316915e-05, 'svm__C': 100.0}",0.8460122044702884,27.424567699432373,0.8495178428843437,"[160.35550528 160.40763144 163.49696794 164.44529333 135.42281847
 159.79535232 161.69390764 164.85526781 139.60680218 139.94720263
 160.42578516 164.78886719 149.07531285 134.34271617 210.57190919
 162.19781575 164.78906884 144.16633415 148.05800638 286.77010856
 162.98391438 166.53555984 207.62243247 175.6378437  191.97475915]","[ 1.31192402  1.07776531  0.57004982  0.85209361  1.04059909  1.199458
  1.61046664  1.51267335  1.67743882  1.68093654  1.13584021  0.36574566
  0.59750033  2.03069962  3.20146968  1.15003896  2.95950741  1.25076513
  1.71548735  3.77851923  1.53457477  2.61133234 13.56978962  7.47580109
  9.71287242]","[26.36440516 26.38827987 26.5342041  26.33796115 20.01406317 26.60314202
 26.63929319 26.79782419 21.42060528 19.58574057 26.81904917 26.98099551
 24.1777391  20.17114973 19.64351907 25.42148361 27.14779377 23.15774164
 21.00936785 19.58654141 24.0359333  23.91644554 16.71680694  8.06349649
  3.87273946]","[0.14861428 0.11848153 0.12735914 0.04124871 0.10584411 0.43563963
 0.4634833  0.32785916 0.37530569 0.18767844 0.30446647 0.35583355
 0.09439558 0.306604   0.20691958 0.09926372 0.29433488 0.34512527
 0.4050992  0.25815117 0.39403812 0.58418215 2.75774136 2.44241828
 0.49341822]","[7.939532520325204e-06 7.939532520325204e-06 7.939532520325204e-06
 7.939532520325204e-06 7.939532520325204e-06 8.982555655316915e-05
 8.982555655316915e-05 8.982555655316915e-05 8.982555655316915e-05
 8.982555655316915e-05 0.0010162601626016261 0.0010162601626016261
 0.0010162601626016261 0.0010162601626016261 0.0010162601626016261
 0.011497671238805652 0.011497671238805652 0.011497671238805652
 0.011497671238805652 0.011497671238805652 0.13008130081300814
 0.13008130081300814 0.13008130081300814 0.13008130081300814
 0.13008130081300814]","[0.0001 0.0031622776601683794 0.1 3.1622776601683795 100.0 0.0001
 0.0031622776601683794 0.1 3.1622776601683795 100.0 0.0001
 0.0031622776601683794 0.1 3.1622776601683795 100.0 0.0001
 0.0031622776601683794 0.1 3.1622776601683795 100.0 0.0001
 0.0031622776601683794 0.1 3.1622776601683795 100.0]","[{'nystroem__gamma': 7.939532520325204e-06, 'svm__C': 0.0001}, {'nystroem__gamma': 7.939532520325204e-06, 'svm__C': 0.0031622776601683794}, {'nystroem__gamma': 7.939532520325204e-06, 'svm__C': 0.1}, {'nystroem__gamma': 7.939532520325204e-06, 'svm__C': 3.1622776601683795}, {'nystroem__gamma': 7.939532520325204e-06, 'svm__C': 100.0}, {'nystroem__gamma': 8.982555655316915e-05, 'svm__C': 0.0001}, {'nystroem__gamma': 8.982555655316915e-05, 'svm__C': 0.0031622776601683794}, {'nystroem__gamma': 8.982555655316915e-05, 'svm__C': 0.1}, {'nystroem__gamma': 8.982555655316915e-05, 'svm__C': 3.1622776601683795}, {'nystroem__gamma': 8.982555655316915e-05, 'svm__C': 100.0}, {'nystroem__gamma': 0.0010162601626016261, 'svm__C': 0.0001}, {'nystroem__gamma': 0.0010162601626016261, 'svm__C': 0.0031622776601683794}, {'nystroem__gamma': 0.0010162601626016261, 'svm__C': 0.1}, {'nystroem__gamma': 0.0010162601626016261, 'svm__C': 3.1622776601683795}, {'nystroem__gamma': 0.0010162601626016261, 'svm__C': 100.0}, {'nystroem__gamma': 0.011497671238805652, 'svm__C': 0.0001}, {'nystroem__gamma': 0.011497671238805652, 'svm__C': 0.0031622776601683794}, {'nystroem__gamma': 0.011497671238805652, 'svm__C': 0.1}, {'nystroem__gamma': 0.011497671238805652, 'svm__C': 3.1622776601683795}, {'nystroem__gamma': 0.011497671238805652, 'svm__C': 100.0}, {'nystroem__gamma': 0.13008130081300814, 'svm__C': 0.0001}, {'nystroem__gamma': 0.13008130081300814, 'svm__C': 0.0031622776601683794}, {'nystroem__gamma': 0.13008130081300814, 'svm__C': 0.1}, {'nystroem__gamma': 0.13008130081300814, 'svm__C': 3.1622776601683795}, {'nystroem__gamma': 0.13008130081300814, 'svm__C': 100.0}]","[0.75909719 0.75909719 0.75909719 0.80654076 0.84231537 0.75909719
 0.75909719 0.75909719 0.84246891 0.84262245 0.75909719 0.75909719
 0.83264241 0.84231537 0.83755566 0.75909719 0.75909719 0.8243513
 0.83325656 0.83847689 0.75909719 0.75909719 0.75909719 0.76047904
 0.76308921]","[0.75921376 0.75921376 0.75921376 0.80359337 0.84597666 0.75921376
 0.75921376 0.75921376 0.84321253 0.84628378 0.75921376 0.75921376
 0.83983415 0.84613022 0.84628378 0.75921376 0.75921376 0.82616708
 0.83691646 0.8404484  0.75921376 0.75921376 0.75921376 0.75982801
 0.76090295]","[0.75921376 0.75921376 0.75921376 0.80451474 0.84566953 0.75921376
 0.75921376 0.75921376 0.84351966 0.84628378 0.75921376 0.75921376
 0.83753071 0.84566953 0.84659091 0.75921376 0.75921376 0.83108108
 0.83522727 0.83630221 0.75921376 0.75921376 0.75921376 0.76121007
 0.76412776]","[0.75921376 0.75921376 0.75921376 0.80605037 0.84766585 0.75921376
 0.75921376 0.75921376 0.84106265 0.84474816 0.75921376 0.75921376
 0.83507371 0.84566953 0.84689803 0.75921376 0.75921376 0.83277027
 0.83998771 0.83660934 0.75921376 0.75921376 0.75921376 0.76013514
 0.76366708]","[0.75921376 0.75921376 0.75921376 0.80190418 0.84720516 0.75921376
 0.75921376 0.75921376 0.84536241 0.85012285 0.75921376 0.75921376
 0.8379914  0.84643735 0.8470516  0.75921376 0.75921376 0.83338452
 0.83415233 0.84014128 0.75921376 0.75921376 0.75967445 0.75982801
 0.7652027 ]","[0.75919045 0.75919045 0.75919045 0.80452068 0.84576651 0.75919045
 0.75919045 0.75919045 0.84312523 0.8460122  0.75919045 0.75919045
 0.83661448 0.8452444  0.844876   0.75919045 0.75919045 0.82955085
 0.83590807 0.83839562 0.75919045 0.75919045 0.75928258 0.76029605
 0.76339794]","[4.66275915e-05 4.66275915e-05 4.66275915e-05 1.68087618e-03
 1.87835757e-03 4.66275915e-05 4.66275915e-05 4.66275915e-05
 1.40379042e-03 2.45492104e-03 4.66275915e-05 4.66275915e-05
 2.50012056e-03 1.49321785e-03 3.66965999e-03 4.66275915e-05
 4.66275915e-05 3.63011237e-03 2.37642319e-03 1.72284718e-03
 4.66275915e-05 4.66275915e-05 2.01066232e-04 5.16322028e-04
 1.42706311e-03]","[14 14 14 10  2 14 14 14  5  1 14 14  7  3  4 14 14  9  8  6 14 14 13 12
 11]"
200,"{'nystroem__gamma': 8.982555655316915e-05, 'svm__C': 100.0}",0.8469335285203549,71.19397854804993,0.8500706344819114,"[214.0205718  214.97538614 218.37633734 217.57344236 233.13550973
 275.93442545 277.51355858 281.43356709 238.32906146 240.78224092
 276.19532304 281.26995745 256.01717963 232.39153628 362.7381228
 277.01841035 284.28761101 250.39714937 259.1191525  576.06658444
 279.02212558 291.41920762 383.21923442 326.72259369 326.10640755]","[ 2.67149417  2.28110582  2.78207724  3.90413991  2.39790469  0.98369345
  0.92075504  1.32845248  2.02711931  1.97966384  1.14658957  0.68091786
  0.8458362   0.70703024  5.95408594  0.41063776  1.67212438  3.13253549
  2.42256175  3.36342881  0.61393073  5.05856414 13.0733948   7.03614238
 11.10455194]","[50.61980629 51.04617729 51.28193612 51.02385049 39.92402821 51.72534666
 51.77396722 51.66080723 42.15634441 38.91527133 52.23526034 52.35891485
 46.85213094 39.38677416 38.35371604 51.71473331 52.46092424 44.35759292
 40.05908675 38.20437598 52.17241297 51.39926553 38.85164785 19.61918902
 12.50504618]","[0.26895559 0.30843581 0.54565027 0.27705078 0.37783731 0.39414852
 0.49049244 0.28535386 0.6334762  0.282688   0.25485259 0.51955165
 0.41804075 0.3757299  0.28974881 0.17538626 0.35900176 0.73735418
 0.29353987 1.02835743 0.24982511 0.53398675 3.48297553 0.79020826
 0.98858074]","[7.939532520325204e-06 7.939532520325204e-06 7.939532520325204e-06
 7.939532520325204e-06 7.939532520325204e-06 8.982555655316915e-05
 8.982555655316915e-05 8.982555655316915e-05 8.982555655316915e-05
 8.982555655316915e-05 0.0010162601626016261 0.0010162601626016261
 0.0010162601626016261 0.0010162601626016261 0.0010162601626016261
 0.011497671238805652 0.011497671238805652 0.011497671238805652
 0.011497671238805652 0.011497671238805652 0.13008130081300814
 0.13008130081300814 0.13008130081300814 0.13008130081300814
 0.13008130081300814]","[0.0001 0.0031622776601683794 0.1 3.1622776601683795 100.0 0.0001
 0.0031622776601683794 0.1 3.1622776601683795 100.0 0.0001
 0.0031622776601683794 0.1 3.1622776601683795 100.0 0.0001
 0.0031622776601683794 0.1 3.1622776601683795 100.0 0.0001
 0.0031622776601683794 0.1 3.1622776601683795 100.0]","[{'nystroem__gamma': 7.939532520325204e-06, 'svm__C': 0.0001}, {'nystroem__gamma': 7.939532520325204e-06, 'svm__C': 0.0031622776601683794}, {'nystroem__gamma': 7.939532520325204e-06, 'svm__C': 0.1}, {'nystroem__gamma': 7.939532520325204e-06, 'svm__C': 3.1622776601683795}, {'nystroem__gamma': 7.939532520325204e-06, 'svm__C': 100.0}, {'nystroem__gamma': 8.982555655316915e-05, 'svm__C': 0.0001}, {'nystroem__gamma': 8.982555655316915e-05, 'svm__C': 0.0031622776601683794}, {'nystroem__gamma': 8.982555655316915e-05, 'svm__C': 0.1}, {'nystroem__gamma': 8.982555655316915e-05, 'svm__C': 3.1622776601683795}, {'nystroem__gamma': 8.982555655316915e-05, 'svm__C': 100.0}, {'nystroem__gamma': 0.0010162601626016261, 'svm__C': 0.0001}, {'nystroem__gamma': 0.0010162601626016261, 'svm__C': 0.0031622776601683794}, {'nystroem__gamma': 0.0010162601626016261, 'svm__C': 0.1}, {'nystroem__gamma': 0.0010162601626016261, 'svm__C': 3.1622776601683795}, {'nystroem__gamma': 0.0010162601626016261, 'svm__C': 100.0}, {'nystroem__gamma': 0.011497671238805652, 'svm__C': 0.0001}, {'nystroem__gamma': 0.011497671238805652, 'svm__C': 0.0031622776601683794}, {'nystroem__gamma': 0.011497671238805652, 'svm__C': 0.1}, {'nystroem__gamma': 0.011497671238805652, 'svm__C': 3.1622776601683795}, {'nystroem__gamma': 0.011497671238805652, 'svm__C': 100.0}, {'nystroem__gamma': 0.13008130081300814, 'svm__C': 0.0001}, {'nystroem__gamma': 0.13008130081300814, 'svm__C': 0.0031622776601683794}, {'nystroem__gamma': 0.13008130081300814, 'svm__C': 0.1}, {'nystroem__gamma': 0.13008130081300814, 'svm__C': 3.1622776601683795}, {'nystroem__gamma': 0.13008130081300814, 'svm__C': 100.0}]","[0.75909719 0.75909719 0.75909719 0.80623369 0.84246891 0.75909719
 0.75909719 0.75909719 0.84385076 0.84431138 0.75909719 0.75909719
 0.83586673 0.84170121 0.84262245 0.75909719 0.75909719 0.83187471
 0.83663442 0.83525257 0.75909719 0.75909719 0.75940427 0.76416398
 0.76401044]","[0.75921376 0.75921376 0.75921376 0.80420762 0.84613022 0.75921376
 0.75921376 0.75921376 0.84336609 0.84597666 0.75921376 0.75921376
 0.8392199  0.84551597 0.84490172 0.75921376 0.75921376 0.83046683
 0.8330774  0.83691646 0.75921376 0.75921376 0.75921376 0.76289926
 0.7718059 ]","[0.75921376 0.75921376 0.75921376 0.8022113  0.84536241 0.75921376
 0.75921376 0.75921376 0.84551597 0.8470516  0.75921376 0.75921376
 0.8392199  0.84566953 0.8458231  0.75921376 0.75921376 0.83584152
 0.84136978 0.83645577 0.75921376 0.75921376 0.75921376 0.7615172
 0.7705774 ]","[0.75921376 0.75921376 0.75921376 0.80681818 0.84781941 0.75921376
 0.75921376 0.75921376 0.84597666 0.84797297 0.75921376 0.75921376
 0.84121622 0.84597666 0.84812654 0.75921376 0.75921376 0.82693489
 0.84305897 0.84336609 0.75921376 0.75921376 0.75936732 0.76320639
 0.76765971]","[0.75921376 0.75921376 0.75921376 0.8088145  0.84781941 0.75921376
 0.75921376 0.75921376 0.8470516  0.84935504 0.75921376 0.75921376
 0.83783784 0.8482801  0.84797297 0.75921376 0.75921376 0.83399877
 0.83983415 0.8379914  0.75921376 0.75921376 0.75982801 0.7615172
 0.76581695]","[0.75919045 0.75919045 0.75919045 0.80565706 0.84592007 0.75919045
 0.75919045 0.75919045 0.84515222 0.84693353 0.75919045 0.75919045
 0.83867212 0.84542869 0.84588935 0.75919045 0.75919045 0.83182335
 0.83879494 0.83799646 0.75919045 0.75919045 0.75940542 0.76266081
 0.76797408]","[4.66275915e-05 4.66275915e-05 4.66275915e-05 2.26381265e-03
 1.97386193e-03 4.66275915e-05 4.66275915e-05 4.66275915e-05
 1.36408892e-03 1.71751944e-03 4.66275915e-05 4.66275915e-05
 1.76854775e-03 2.11615250e-03 2.04933841e-03 4.66275915e-05
 4.66275915e-05 3.05345724e-03 3.55667931e-03 2.82496088e-03
 4.66275915e-05 4.66275915e-05 2.25167791e-04 1.02271470e-03
 2.89560135e-03]","[14 14 14 10  2 14 14 14  5  1 14 14  7  4  3 14 14  9  6  8 14 14 13 12
 11]"
500,"{'nystroem__gamma': 8.982555655316915e-05, 'svm__C': 100.0}",0.846902820705216,184.23186683654785,0.8503777409250046,"[ 580.15243225  580.97959828  589.59419279  589.53313589  492.1236618
  582.17898059  583.41835485  593.88611846  503.81880245  502.84707894
  581.28893728  591.84403305  536.61468806  495.24485297  764.82422962
  583.32391534  598.79199963  529.02838626  550.92660222 1460.33486233
  582.57383952  623.24522524  834.58189979  749.22345228  716.56139779]","[ 1.61239322  1.60935017  2.64780016  2.11898312  3.38052588  1.51227564
  3.00890348  2.27126817  4.71793053  2.57212775  2.36105714  1.09226631
  1.92453738  1.57128529 11.41945466  1.69695041  3.10964975  3.8660806
  4.9511715  16.67719707  1.33857638  5.82755857 15.88571581 11.29437302
 10.23020273]","[125.98512359 126.03297367 125.42385931 124.60963397  97.04533491
 126.40083184 126.00615277 126.27892022 102.82224083  93.18774652
 127.32214522 127.14989891 113.0250587   94.84256544  92.07694883
 126.00010519 127.43169751 105.39294467  94.8697989   68.80866609
 127.06452394 128.49529991 120.0670959   46.48357735  34.61705718]","[ 0.18225089  0.32798901  0.2245015   0.13561132  0.25571299  0.62161773
  0.73971232  0.73945375  0.49978305  0.78633742  0.41166069  0.95588646
  0.66534775  0.6520623   0.4695423   1.11220284  0.80785063  0.90356769
  0.93811507 10.24398572  0.88740579  0.20877675  2.49539277  3.78560715
  1.21908791]","[7.939532520325204e-06 7.939532520325204e-06 7.939532520325204e-06
 7.939532520325204e-06 7.939532520325204e-06 8.982555655316915e-05
 8.982555655316915e-05 8.982555655316915e-05 8.982555655316915e-05
 8.982555655316915e-05 0.0010162601626016261 0.0010162601626016261
 0.0010162601626016261 0.0010162601626016261 0.0010162601626016261
 0.011497671238805652 0.011497671238805652 0.011497671238805652
 0.011497671238805652 0.011497671238805652 0.13008130081300814
 0.13008130081300814 0.13008130081300814 0.13008130081300814
 0.13008130081300814]","[0.0001 0.0031622776601683794 0.1 3.1622776601683795 100.0 0.0001
 0.0031622776601683794 0.1 3.1622776601683795 100.0 0.0001
 0.0031622776601683794 0.1 3.1622776601683795 100.0 0.0001
 0.0031622776601683794 0.1 3.1622776601683795 100.0 0.0001
 0.0031622776601683794 0.1 3.1622776601683795 100.0]","[{'nystroem__gamma': 7.939532520325204e-06, 'svm__C': 0.0001}, {'nystroem__gamma': 7.939532520325204e-06, 'svm__C': 0.0031622776601683794}, {'nystroem__gamma': 7.939532520325204e-06, 'svm__C': 0.1}, {'nystroem__gamma': 7.939532520325204e-06, 'svm__C': 3.1622776601683795}, {'nystroem__gamma': 7.939532520325204e-06, 'svm__C': 100.0}, {'nystroem__gamma': 8.982555655316915e-05, 'svm__C': 0.0001}, {'nystroem__gamma': 8.982555655316915e-05, 'svm__C': 0.0031622776601683794}, {'nystroem__gamma': 8.982555655316915e-05, 'svm__C': 0.1}, {'nystroem__gamma': 8.982555655316915e-05, 'svm__C': 3.1622776601683795}, {'nystroem__gamma': 8.982555655316915e-05, 'svm__C': 100.0}, {'nystroem__gamma': 0.0010162601626016261, 'svm__C': 0.0001}, {'nystroem__gamma': 0.0010162601626016261, 'svm__C': 0.0031622776601683794}, {'nystroem__gamma': 0.0010162601626016261, 'svm__C': 0.1}, {'nystroem__gamma': 0.0010162601626016261, 'svm__C': 3.1622776601683795}, {'nystroem__gamma': 0.0010162601626016261, 'svm__C': 100.0}, {'nystroem__gamma': 0.011497671238805652, 'svm__C': 0.0001}, {'nystroem__gamma': 0.011497671238805652, 'svm__C': 0.0031622776601683794}, {'nystroem__gamma': 0.011497671238805652, 'svm__C': 0.1}, {'nystroem__gamma': 0.011497671238805652, 'svm__C': 3.1622776601683795}, {'nystroem__gamma': 0.011497671238805652, 'svm__C': 100.0}, {'nystroem__gamma': 0.13008130081300814, 'svm__C': 0.0001}, {'nystroem__gamma': 0.13008130081300814, 'svm__C': 0.0031622776601683794}, {'nystroem__gamma': 0.13008130081300814, 'svm__C': 0.1}, {'nystroem__gamma': 0.13008130081300814, 'svm__C': 3.1622776601683795}, {'nystroem__gamma': 0.13008130081300814, 'svm__C': 100.0}]","[0.75909719 0.75909719 0.75909719 0.8066943  0.84292953 0.75909719
 0.75909719 0.75909719 0.84339014 0.84415784 0.75909719 0.75909719
 0.83602027 0.84231537 0.83924459 0.75909719 0.75909719 0.83433134
 0.83755566 0.8377092  0.75909719 0.75909719 0.76001842 0.76447106
 0.77475818]","[0.75921376 0.75921376 0.75921376 0.80712531 0.84613022 0.75921376
 0.75921376 0.75921376 0.84398034 0.84613022 0.75921376 0.75921376
 0.83983415 0.84766585 0.84351966 0.75921376 0.75921376 0.83599509
 0.84075553 0.83968059 0.75921376 0.75921376 0.75967445 0.76842752
 0.77933047]","[0.75921376 0.75921376 0.75921376 0.80497543 0.84520885 0.75921376
 0.75921376 0.75921376 0.84520885 0.84797297 0.75921376 0.75921376
 0.83814496 0.84735872 0.84858722 0.75921376 0.75921376 0.83722359
 0.84290541 0.8416769  0.75921376 0.75921376 0.75921376 0.76796683
 0.77810197]","[0.75921376 0.75921376 0.75921376 0.80727887 0.84812654 0.75921376
 0.75921376 0.75921376 0.84659091 0.8482801  0.75921376 0.75921376
 0.8416769  0.84797297 0.85350123 0.75921376 0.75921376 0.83768428
 0.84428747 0.84459459 0.75921376 0.75921376 0.75998157 0.76719902
 0.77687346]","[0.75921376 0.75921376 0.75921376 0.80866093 0.8482801  0.75921376
 0.75921376 0.75921376 0.84597666 0.84797297 0.75921376 0.75921376
 0.83845209 0.84812654 0.84505528 0.75921376 0.75921376 0.83384521
 0.84459459 0.84336609 0.75921376 0.75921376 0.75982801 0.76781327
 0.77733415]","[0.75919045 0.75919045 0.75919045 0.80694697 0.84613505 0.75919045
 0.75919045 0.75919045 0.84502938 0.84690282 0.75919045 0.75919045
 0.83882568 0.84668789 0.8459816  0.75919045 0.75919045 0.8358159
 0.84201973 0.84140548 0.75919045 0.75919045 0.75974324 0.76717554
 0.77727965]","[4.66275915e-05 4.66275915e-05 4.66275915e-05 1.18578610e-03
 1.98496915e-03 4.66275915e-05 4.66275915e-05 4.66275915e-05
 1.19628530e-03 1.56966140e-03 4.66275915e-05 4.66275915e-05
 1.87722045e-03 2.20211237e-03 4.80917152e-03 4.66275915e-05
 4.66275915e-05 1.52263369e-03 2.61086712e-03 2.47894665e-03
 4.66275915e-05 4.66275915e-05 2.91478049e-04 1.40819473e-03
 1.51048610e-03]","[14 14 14 10  3 14 14 14  5  1 14 14  8  2  4 14 14  9  6  7 14 14 13 12
 11]"
1000,"{'nystroem__gamma': 8.982555655316915e-05, 'svm__C': 100.0}",0.8475477319788697,335.8771481513977,0.8506848473680978,"[1072.91005979 1072.6677484  1095.9338757  1101.83598461  923.02004318
 1084.26332269 1092.21369982 1112.91730151  943.92976665  944.87561207
 1080.33941092 1102.07412758  953.24905386  879.02443428 1316.49942741
  971.85620947 1019.91855497  851.09914732  948.99141784 2809.27539816
  961.57353339 1061.75284157 1337.11229892 1427.36607919 1297.44396644]","[ 1.64510884  1.37758132  2.30411768  2.80466476  3.16393303  4.98182298
  2.6368458   5.59901858  4.01191965  3.85353682  3.89027395  4.33935817
  8.11310222 13.49946491 22.08973483 37.63531786  6.65809109 37.90252966
 16.90701749 12.73849551 19.4772461  22.15405566 25.99176322 20.2432774
 24.14013191]","[250.57740293 250.26492672 249.31121268 248.31851201 191.84908547
 250.14564857 251.33958359 250.99814377 202.4135272  184.01915102
 248.68795424 248.91711407 218.03627496 183.31458411 173.04931011
 229.96146483 247.49467292 201.61021757 176.48930831 120.77706923
 241.12911377 243.75471911 238.76984382  96.96541824  71.16563334]","[ 0.37344225  0.63168606  0.29550871  0.30933455  0.80136256  0.65425656
  1.32660974  0.45159243  0.51660667  1.23114329  0.53681572  1.00387251
  1.73934846  1.87146762  3.00413815  4.11168927  1.25131093  3.39038895
  2.72042727 12.56122773  5.16947497  0.99613722  2.3450614   7.65222053
  7.13974182]","[7.939532520325204e-06 7.939532520325204e-06 7.939532520325204e-06
 7.939532520325204e-06 7.939532520325204e-06 8.982555655316915e-05
 8.982555655316915e-05 8.982555655316915e-05 8.982555655316915e-05
 8.982555655316915e-05 0.0010162601626016261 0.0010162601626016261
 0.0010162601626016261 0.0010162601626016261 0.0010162601626016261
 0.011497671238805652 0.011497671238805652 0.011497671238805652
 0.011497671238805652 0.011497671238805652 0.13008130081300814
 0.13008130081300814 0.13008130081300814 0.13008130081300814
 0.13008130081300814]","[0.0001 0.0031622776601683794 0.1 3.1622776601683795 100.0 0.0001
 0.0031622776601683794 0.1 3.1622776601683795 100.0 0.0001
 0.0031622776601683794 0.1 3.1622776601683795 100.0 0.0001
 0.0031622776601683794 0.1 3.1622776601683795 100.0 0.0001
 0.0031622776601683794 0.1 3.1622776601683795 100.0]","[{'nystroem__gamma': 7.939532520325204e-06, 'svm__C': 0.0001}, {'nystroem__gamma': 7.939532520325204e-06, 'svm__C': 0.0031622776601683794}, {'nystroem__gamma': 7.939532520325204e-06, 'svm__C': 0.1}, {'nystroem__gamma': 7.939532520325204e-06, 'svm__C': 3.1622776601683795}, {'nystroem__gamma': 7.939532520325204e-06, 'svm__C': 100.0}, {'nystroem__gamma': 8.982555655316915e-05, 'svm__C': 0.0001}, {'nystroem__gamma': 8.982555655316915e-05, 'svm__C': 0.0031622776601683794}, {'nystroem__gamma': 8.982555655316915e-05, 'svm__C': 0.1}, {'nystroem__gamma': 8.982555655316915e-05, 'svm__C': 3.1622776601683795}, {'nystroem__gamma': 8.982555655316915e-05, 'svm__C': 100.0}, {'nystroem__gamma': 0.0010162601626016261, 'svm__C': 0.0001}, {'nystroem__gamma': 0.0010162601626016261, 'svm__C': 0.0031622776601683794}, {'nystroem__gamma': 0.0010162601626016261, 'svm__C': 0.1}, {'nystroem__gamma': 0.0010162601626016261, 'svm__C': 3.1622776601683795}, {'nystroem__gamma': 0.0010162601626016261, 'svm__C': 100.0}, {'nystroem__gamma': 0.011497671238805652, 'svm__C': 0.0001}, {'nystroem__gamma': 0.011497671238805652, 'svm__C': 0.0031622776601683794}, {'nystroem__gamma': 0.011497671238805652, 'svm__C': 0.1}, {'nystroem__gamma': 0.011497671238805652, 'svm__C': 3.1622776601683795}, {'nystroem__gamma': 0.011497671238805652, 'svm__C': 100.0}, {'nystroem__gamma': 0.13008130081300814, 'svm__C': 0.0001}, {'nystroem__gamma': 0.13008130081300814, 'svm__C': 0.0031622776601683794}, {'nystroem__gamma': 0.13008130081300814, 'svm__C': 0.1}, {'nystroem__gamma': 0.13008130081300814, 'svm__C': 3.1622776601683795}, {'nystroem__gamma': 0.13008130081300814, 'svm__C': 100.0}]","[0.75909719 0.75909719 0.75909719 0.80684784 0.84354368 0.75909719
 0.75909719 0.75909719 0.84339014 0.84584677 0.75909719 0.75909719
 0.83632735 0.8432366  0.8404729  0.75909719 0.75909719 0.8334101
 0.83740212 0.84093352 0.75909719 0.75909719 0.76063258 0.76846307
 0.77982497]","[0.75921376 0.75921376 0.75921376 0.80712531 0.8470516  0.75921376
 0.75921376 0.75921376 0.84444103 0.84597666 0.75921376 0.75921376
 0.83998771 0.8470516  0.84428747 0.75921376 0.75921376 0.83722359
 0.83753071 0.83860565 0.75921376 0.75921376 0.75998157 0.77119165
 0.78439803]","[0.75921376 0.75921376 0.75921376 0.80420762 0.84536241 0.75921376
 0.75921376 0.75921376 0.84490172 0.8482801  0.75921376 0.75921376
 0.83829853 0.8482801  0.84889435 0.75921376 0.75921376 0.83753071
 0.83998771 0.84075553 0.75921376 0.75921376 0.76044226 0.77457002
 0.78977273]","[0.75921376 0.75921376 0.75921376 0.80743243 0.84812654 0.75921376
 0.75921376 0.75921376 0.84720516 0.84889435 0.75921376 0.75921376
 0.84213759 0.84874079 0.85396192 0.75921376 0.75921376 0.83660934
 0.84275184 0.84367322 0.75921376 0.75921376 0.75982801 0.77119165
 0.78255528]","[0.75921376 0.75921376 0.75921376 0.80866093 0.84689803 0.75921376
 0.75921376 0.75921376 0.84566953 0.84874079 0.75921376 0.75921376
 0.83891278 0.84858722 0.8470516  0.75921376 0.75921376 0.83630221
 0.84136978 0.84290541 0.75921376 0.75921376 0.75952088 0.76827396
 0.77994472]","[0.75919045 0.75919045 0.75919045 0.80685483 0.84619645 0.75919045
 0.75919045 0.75919045 0.84512152 0.84754773 0.75919045 0.75919045
 0.83913279 0.84717926 0.84693365 0.75919045 0.75919045 0.83621519
 0.83980843 0.84137466 0.75919045 0.75919045 0.76008106 0.77073807
 0.78329915]","[4.66275915e-05 4.66275915e-05 4.66275915e-05 1.46127204e-03
 1.59257858e-03 4.66275915e-05 4.66275915e-05 4.66275915e-05
 1.27678628e-03 1.35164096e-03 4.66275915e-05 4.66275915e-05
 1.91701097e-03 2.05880582e-03 4.51659915e-03 4.66275915e-05
 4.66275915e-05 1.46825764e-03 2.10294852e-03 1.78167867e-03
 4.66275915e-05 4.66275915e-05 4.05553914e-04 2.29533461e-03
 3.66033508e-03]","[14 14 14 10  4 14 14 14  5  1 14 14  8  2  3 14 14  9  7  6 14 14 13 12
 11]"
