n_components,best_params,best_accuracy_cv,training_time,accuracy_test,mean_fit_time,std_fit_time,mean_score_time,std_score_time,param_nystroem__gamma,param_ridge_classification__alpha,params,split0_test_score,split1_test_score,mean_test_score,std_test_score,rank_test_score
10,"{'nystroem__gamma': 0.0023148148148148147, 'ridge_classification__alpha': 0.1}",0.648,0.005417823791503906,0.6160788048467046,"[0.00459063 0.00456583 0.00437701 0.00544894 0.00209546 0.0019033
 0.00201511 0.0021559  0.00193048 0.00205743 0.00204647 0.00191212
 0.00191534 0.00172198 0.00190902 0.00161266 0.00187075 0.00176847
 0.00199544 0.00200391 0.0019815  0.00198269 0.00190902 0.00199568
 0.00190055]","[1.02400780e-04 1.03116035e-04 1.51991844e-04 1.17599964e-03
 5.74588776e-05 4.24385071e-05 1.10149384e-04 9.21487808e-05
 5.24520874e-05 8.61883163e-05 9.85860825e-05 4.29153442e-05
 1.06453896e-04 1.20997429e-04 2.09808350e-05 4.24385071e-05
 4.85181808e-05 3.45706940e-06 1.96337700e-04 1.64031982e-04
 3.86238098e-05 2.30550766e-04 1.78813934e-05 9.54866409e-05
 8.14199448e-05]","[0.00069499 0.00069821 0.00067151 0.00075603 0.0006752  0.00065899
 0.0006634  0.00067461 0.00066042 0.00066113 0.00062644 0.000615
 0.00068104 0.00062096 0.00060451 0.00058997 0.0006088  0.00061393
 0.00068045 0.00066304 0.00064015 0.00064027 0.00065506 0.00065136
 0.00057948]","[1.59740448e-05 3.30209732e-05 6.31809235e-06 1.08957291e-04
 4.76837158e-06 2.69412994e-05 1.34706497e-05 9.41753387e-06
 1.74045563e-05 2.40802765e-05 8.46385956e-06 2.98023224e-06
 5.90085983e-05 1.39474869e-05 3.45706940e-06 7.03334808e-06
 1.08480453e-05 0.00000000e+00 4.95910645e-05 3.91006470e-05
 1.00135803e-05 3.54051590e-05 2.02655792e-06 1.43051147e-06
 2.50339508e-06]","[1.808449074074074e-05 1.808449074074074e-05 1.808449074074074e-05
 1.808449074074074e-05 1.808449074074074e-05 0.00020460265659332975
 0.00020460265659332975 0.00020460265659332975 0.00020460265659332975
 0.00020460265659332975 0.0023148148148148147 0.0023148148148148147
 0.0023148148148148147 0.0023148148148148147 0.0023148148148148147
 0.026189140043946207 0.026189140043946207 0.026189140043946207
 0.026189140043946207 0.026189140043946207 0.2962962962962963
 0.2962962962962963 0.2962962962962963 0.2962962962962963
 0.2962962962962963]","[0.0001 0.0031622776601683794 0.1 3.1622776601683795 100.0 0.0001
 0.0031622776601683794 0.1 3.1622776601683795 100.0 0.0001
 0.0031622776601683794 0.1 3.1622776601683795 100.0 0.0001
 0.0031622776601683794 0.1 3.1622776601683795 100.0 0.0001
 0.0031622776601683794 0.1 3.1622776601683795 100.0]","[{'nystroem__gamma': 1.808449074074074e-05, 'ridge_classification__alpha': 0.0001}, {'nystroem__gamma': 1.808449074074074e-05, 'ridge_classification__alpha': 0.0031622776601683794}, {'nystroem__gamma': 1.808449074074074e-05, 'ridge_classification__alpha': 0.1}, {'nystroem__gamma': 1.808449074074074e-05, 'ridge_classification__alpha': 3.1622776601683795}, {'nystroem__gamma': 1.808449074074074e-05, 'ridge_classification__alpha': 100.0}, {'nystroem__gamma': 0.00020460265659332975, 'ridge_classification__alpha': 0.0001}, {'nystroem__gamma': 0.00020460265659332975, 'ridge_classification__alpha': 0.0031622776601683794}, {'nystroem__gamma': 0.00020460265659332975, 'ridge_classification__alpha': 0.1}, {'nystroem__gamma': 0.00020460265659332975, 'ridge_classification__alpha': 3.1622776601683795}, {'nystroem__gamma': 0.00020460265659332975, 'ridge_classification__alpha': 100.0}, {'nystroem__gamma': 0.0023148148148148147, 'ridge_classification__alpha': 0.0001}, {'nystroem__gamma': 0.0023148148148148147, 'ridge_classification__alpha': 0.0031622776601683794}, {'nystroem__gamma': 0.0023148148148148147, 'ridge_classification__alpha': 0.1}, {'nystroem__gamma': 0.0023148148148148147, 'ridge_classification__alpha': 3.1622776601683795}, {'nystroem__gamma': 0.0023148148148148147, 'ridge_classification__alpha': 100.0}, {'nystroem__gamma': 0.026189140043946207, 'ridge_classification__alpha': 0.0001}, {'nystroem__gamma': 0.026189140043946207, 'ridge_classification__alpha': 0.0031622776601683794}, {'nystroem__gamma': 0.026189140043946207, 'ridge_classification__alpha': 0.1}, {'nystroem__gamma': 0.026189140043946207, 'ridge_classification__alpha': 3.1622776601683795}, {'nystroem__gamma': 0.026189140043946207, 'ridge_classification__alpha': 100.0}, {'nystroem__gamma': 0.2962962962962963, 'ridge_classification__alpha': 0.0001}, {'nystroem__gamma': 0.2962962962962963, 'ridge_classification__alpha': 0.0031622776601683794}, {'nystroem__gamma': 0.2962962962962963, 'ridge_classification__alpha': 0.1}, {'nystroem__gamma': 0.2962962962962963, 'ridge_classification__alpha': 3.1622776601683795}, {'nystroem__gamma': 0.2962962962962963, 'ridge_classification__alpha': 100.0}]","[0.498 0.62  0.574 0.526 0.526 0.564 0.608 0.56  0.556 0.526 0.594 0.576
 0.638 0.658 0.526 0.652 0.61  0.616 0.634 0.574 0.578 0.546 0.554 0.546
 0.526]","[0.572 0.602 0.554 0.528 0.528 0.618 0.616 0.562 0.528 0.528 0.594 0.65
 0.658 0.612 0.528 0.608 0.646 0.606 0.628 0.528 0.548 0.562 0.536 0.556
 0.528]","[0.535 0.611 0.564 0.527 0.527 0.591 0.612 0.561 0.542 0.527 0.594 0.613
 0.648 0.635 0.527 0.63  0.628 0.611 0.631 0.551 0.563 0.554 0.545 0.551
 0.527]","[0.037 0.009 0.01  0.001 0.001 0.027 0.004 0.001 0.014 0.001 0.    0.037
 0.01  0.023 0.001 0.022 0.018 0.005 0.003 0.023 0.015 0.008 0.009 0.005
 0.001]","[20  8 12 21 21 11  7 14 19 21 10  6  1  2 21  4  5  8  3 17 13 15 18 16
 21]"
20,"{'nystroem__gamma': 1.808449074074074e-05, 'ridge_classification__alpha': 0.0001}",0.696,0.012007951736450195,0.6647007527079126,"[0.01567256 0.00350344 0.00214458 0.00177562 0.00214481 0.00333011
 0.00231254 0.0019449  0.00176859 0.00170052 0.00239646 0.0019114
 0.00181007 0.00172055 0.00242901 0.00185442 0.00198603 0.00181949
 0.00181866 0.00282872 0.00264096 0.00177443 0.00211346 0.00247896
 0.00201607]","[9.40263271e-03 1.78456306e-04 3.31640244e-04 1.11460686e-04
 3.34978104e-04 1.32405758e-03 3.11493874e-04 3.01599503e-05
 1.61409378e-04 1.49369240e-04 5.73515892e-04 9.84668732e-05
 1.81913376e-04 1.26481056e-04 5.60045242e-04 1.45435333e-05
 3.14950943e-04 1.69634819e-04 1.60455704e-04 1.13189220e-03
 7.86066055e-04 1.62482262e-04 4.21404839e-04 8.10027122e-04
 9.70363617e-05]","[0.00157642 0.00073361 0.00064838 0.0006305  0.000664   0.00067854
 0.00064635 0.00064337 0.00062013 0.00060141 0.00067592 0.00069213
 0.00062358 0.00063038 0.00063193 0.00063658 0.00064039 0.00062549
 0.00062239 0.00066209 0.00069177 0.00061607 0.00089455 0.0006516
 0.0006448 ]","[8.60452652e-04 5.14984131e-05 2.03847885e-05 1.54972076e-06
 4.19616699e-05 5.05447388e-05 7.39097595e-06 1.44243240e-05
 1.71661377e-05 4.41074371e-06 4.50611115e-05 6.19888306e-05
 1.56164169e-05 4.52995300e-06 1.99079514e-05 1.74045563e-05
 1.76429749e-05 1.65700912e-05 1.31130219e-06 4.31537628e-05
 4.80413437e-05 3.09944153e-06 2.44379044e-04 3.93390656e-05
 8.94069672e-06]","[1.808449074074074e-05 1.808449074074074e-05 1.808449074074074e-05
 1.808449074074074e-05 1.808449074074074e-05 0.00020460265659332975
 0.00020460265659332975 0.00020460265659332975 0.00020460265659332975
 0.00020460265659332975 0.0023148148148148147 0.0023148148148148147
 0.0023148148148148147 0.0023148148148148147 0.0023148148148148147
 0.026189140043946207 0.026189140043946207 0.026189140043946207
 0.026189140043946207 0.026189140043946207 0.2962962962962963
 0.2962962962962963 0.2962962962962963 0.2962962962962963
 0.2962962962962963]","[0.0001 0.0031622776601683794 0.1 3.1622776601683795 100.0 0.0001
 0.0031622776601683794 0.1 3.1622776601683795 100.0 0.0001
 0.0031622776601683794 0.1 3.1622776601683795 100.0 0.0001
 0.0031622776601683794 0.1 3.1622776601683795 100.0 0.0001
 0.0031622776601683794 0.1 3.1622776601683795 100.0]","[{'nystroem__gamma': 1.808449074074074e-05, 'ridge_classification__alpha': 0.0001}, {'nystroem__gamma': 1.808449074074074e-05, 'ridge_classification__alpha': 0.0031622776601683794}, {'nystroem__gamma': 1.808449074074074e-05, 'ridge_classification__alpha': 0.1}, {'nystroem__gamma': 1.808449074074074e-05, 'ridge_classification__alpha': 3.1622776601683795}, {'nystroem__gamma': 1.808449074074074e-05, 'ridge_classification__alpha': 100.0}, {'nystroem__gamma': 0.00020460265659332975, 'ridge_classification__alpha': 0.0001}, {'nystroem__gamma': 0.00020460265659332975, 'ridge_classification__alpha': 0.0031622776601683794}, {'nystroem__gamma': 0.00020460265659332975, 'ridge_classification__alpha': 0.1}, {'nystroem__gamma': 0.00020460265659332975, 'ridge_classification__alpha': 3.1622776601683795}, {'nystroem__gamma': 0.00020460265659332975, 'ridge_classification__alpha': 100.0}, {'nystroem__gamma': 0.0023148148148148147, 'ridge_classification__alpha': 0.0001}, {'nystroem__gamma': 0.0023148148148148147, 'ridge_classification__alpha': 0.0031622776601683794}, {'nystroem__gamma': 0.0023148148148148147, 'ridge_classification__alpha': 0.1}, {'nystroem__gamma': 0.0023148148148148147, 'ridge_classification__alpha': 3.1622776601683795}, {'nystroem__gamma': 0.0023148148148148147, 'ridge_classification__alpha': 100.0}, {'nystroem__gamma': 0.026189140043946207, 'ridge_classification__alpha': 0.0001}, {'nystroem__gamma': 0.026189140043946207, 'ridge_classification__alpha': 0.0031622776601683794}, {'nystroem__gamma': 0.026189140043946207, 'ridge_classification__alpha': 0.1}, {'nystroem__gamma': 0.026189140043946207, 'ridge_classification__alpha': 3.1622776601683795}, {'nystroem__gamma': 0.026189140043946207, 'ridge_classification__alpha': 100.0}, {'nystroem__gamma': 0.2962962962962963, 'ridge_classification__alpha': 0.0001}, {'nystroem__gamma': 0.2962962962962963, 'ridge_classification__alpha': 0.0031622776601683794}, {'nystroem__gamma': 0.2962962962962963, 'ridge_classification__alpha': 0.1}, {'nystroem__gamma': 0.2962962962962963, 'ridge_classification__alpha': 3.1622776601683795}, {'nystroem__gamma': 0.2962962962962963, 'ridge_classification__alpha': 100.0}]","[0.686 0.622 0.604 0.526 0.526 0.68  0.664 0.694 0.556 0.526 0.648 0.644
 0.658 0.588 0.526 0.694 0.666 0.64  0.658 0.558 0.548 0.572 0.582 0.592
 0.526]","[0.706 0.618 0.596 0.528 0.528 0.604 0.612 0.638 0.552 0.528 0.658 0.628
 0.618 0.654 0.528 0.64  0.656 0.694 0.634 0.592 0.54  0.58  0.57  0.534
 0.548]","[0.696 0.62  0.6   0.527 0.527 0.642 0.638 0.666 0.554 0.527 0.653 0.636
 0.638 0.621 0.527 0.667 0.661 0.667 0.646 0.575 0.544 0.576 0.576 0.563
 0.537]","[0.01  0.002 0.004 0.001 0.001 0.038 0.026 0.028 0.002 0.001 0.005 0.008
 0.02  0.033 0.001 0.027 0.005 0.027 0.012 0.017 0.004 0.004 0.006 0.029
 0.011]","[ 1 13 14 22 22  8  9  4 19 22  6 11  9 12 22  2  5  2  7 17 20 15 15 18
 21]"
50,"{'nystroem__gamma': 0.0023148148148148147, 'ridge_classification__alpha': 0.0031622776601683794}",0.718,0.18328499794006348,0.6753430787589498,"[0.00463057 0.0031625  0.00240552 0.00460708 0.00213003 0.00220215
 0.00356138 0.00287199 0.00267053 0.00224757 0.00223207 0.00322902
 0.00225556 0.00399494 0.00226641 0.00218534 0.00227046 0.00215816
 0.00288057 0.00239491 0.00223696 0.00220132 0.00225282 0.00450802
 0.00256252]","[2.16341019e-03 9.21368599e-04 5.44786453e-05 2.20406055e-03
 1.50203705e-05 8.49962234e-05 1.25753880e-03 7.06911087e-04
 5.35488129e-04 7.05718994e-05 1.10149384e-04 1.07014179e-03
 8.57114792e-05 1.70302391e-03 9.25064087e-05 4.52995300e-06
 1.39474869e-04 3.19480896e-05 6.44683838e-04 1.31845474e-04
 7.90357590e-05 1.54972076e-05 1.09910965e-04 2.33507156e-03
 1.28507614e-04]","[0.00163412 0.000808   0.00081003 0.00153685 0.00077605 0.00079203
 0.00084949 0.00081289 0.00079167 0.00079393 0.00079465 0.00081897
 0.00080144 0.00091696 0.00080204 0.00080419 0.00079906 0.00078738
 0.00086546 0.00081658 0.00080001 0.00078154 0.00079155 0.00083911
 0.0007875 ]","[8.25166702e-04 2.21729279e-05 1.19209290e-07 7.47919083e-04
 5.00679016e-06 2.31266022e-05 6.74724579e-05 2.49147415e-05
 1.84774399e-05 2.86102295e-06 1.43051147e-06 1.88350677e-05
 1.75237656e-05 4.88758087e-05 1.90734863e-06 3.09944153e-06
 2.49147415e-05 1.84774399e-05 5.24520874e-05 9.29832458e-06
 1.08480453e-05 6.43730164e-06 6.43730164e-06 7.99894333e-05
 2.62260437e-06]","[1.808449074074074e-05 1.808449074074074e-05 1.808449074074074e-05
 1.808449074074074e-05 1.808449074074074e-05 0.00020460265659332975
 0.00020460265659332975 0.00020460265659332975 0.00020460265659332975
 0.00020460265659332975 0.0023148148148148147 0.0023148148148148147
 0.0023148148148148147 0.0023148148148148147 0.0023148148148148147
 0.026189140043946207 0.026189140043946207 0.026189140043946207
 0.026189140043946207 0.026189140043946207 0.2962962962962963
 0.2962962962962963 0.2962962962962963 0.2962962962962963
 0.2962962962962963]","[0.0001 0.0031622776601683794 0.1 3.1622776601683795 100.0 0.0001
 0.0031622776601683794 0.1 3.1622776601683795 100.0 0.0001
 0.0031622776601683794 0.1 3.1622776601683795 100.0 0.0001
 0.0031622776601683794 0.1 3.1622776601683795 100.0 0.0001
 0.0031622776601683794 0.1 3.1622776601683795 100.0]","[{'nystroem__gamma': 1.808449074074074e-05, 'ridge_classification__alpha': 0.0001}, {'nystroem__gamma': 1.808449074074074e-05, 'ridge_classification__alpha': 0.0031622776601683794}, {'nystroem__gamma': 1.808449074074074e-05, 'ridge_classification__alpha': 0.1}, {'nystroem__gamma': 1.808449074074074e-05, 'ridge_classification__alpha': 3.1622776601683795}, {'nystroem__gamma': 1.808449074074074e-05, 'ridge_classification__alpha': 100.0}, {'nystroem__gamma': 0.00020460265659332975, 'ridge_classification__alpha': 0.0001}, {'nystroem__gamma': 0.00020460265659332975, 'ridge_classification__alpha': 0.0031622776601683794}, {'nystroem__gamma': 0.00020460265659332975, 'ridge_classification__alpha': 0.1}, {'nystroem__gamma': 0.00020460265659332975, 'ridge_classification__alpha': 3.1622776601683795}, {'nystroem__gamma': 0.00020460265659332975, 'ridge_classification__alpha': 100.0}, {'nystroem__gamma': 0.0023148148148148147, 'ridge_classification__alpha': 0.0001}, {'nystroem__gamma': 0.0023148148148148147, 'ridge_classification__alpha': 0.0031622776601683794}, {'nystroem__gamma': 0.0023148148148148147, 'ridge_classification__alpha': 0.1}, {'nystroem__gamma': 0.0023148148148148147, 'ridge_classification__alpha': 3.1622776601683795}, {'nystroem__gamma': 0.0023148148148148147, 'ridge_classification__alpha': 100.0}, {'nystroem__gamma': 0.026189140043946207, 'ridge_classification__alpha': 0.0001}, {'nystroem__gamma': 0.026189140043946207, 'ridge_classification__alpha': 0.0031622776601683794}, {'nystroem__gamma': 0.026189140043946207, 'ridge_classification__alpha': 0.1}, {'nystroem__gamma': 0.026189140043946207, 'ridge_classification__alpha': 3.1622776601683795}, {'nystroem__gamma': 0.026189140043946207, 'ridge_classification__alpha': 100.0}, {'nystroem__gamma': 0.2962962962962963, 'ridge_classification__alpha': 0.0001}, {'nystroem__gamma': 0.2962962962962963, 'ridge_classification__alpha': 0.0031622776601683794}, {'nystroem__gamma': 0.2962962962962963, 'ridge_classification__alpha': 0.1}, {'nystroem__gamma': 0.2962962962962963, 'ridge_classification__alpha': 3.1622776601683795}, {'nystroem__gamma': 0.2962962962962963, 'ridge_classification__alpha': 100.0}]","[0.692 0.73  0.652 0.526 0.526 0.73  0.686 0.682 0.57  0.526 0.696 0.716
 0.716 0.678 0.526 0.734 0.7   0.72  0.704 0.608 0.59  0.654 0.588 0.612
 0.526]","[0.716 0.668 0.64  0.528 0.528 0.702 0.664 0.666 0.57  0.528 0.68  0.72
 0.688 0.656 0.528 0.686 0.678 0.698 0.686 0.602 0.606 0.62  0.604 0.598
 0.538]","[0.704 0.699 0.646 0.527 0.527 0.716 0.675 0.674 0.57  0.527 0.688 0.718
 0.702 0.667 0.527 0.71  0.689 0.709 0.695 0.605 0.598 0.637 0.596 0.605
 0.532]","[0.012 0.031 0.006 0.001 0.001 0.014 0.011 0.008 0.    0.001 0.008 0.002
 0.014 0.011 0.001 0.024 0.011 0.011 0.009 0.003 0.008 0.017 0.008 0.007
 0.006]","[ 5  7 14 22 22  2 11 12 20 22 10  1  6 13 22  3  9  4  8 16 18 15 19 16
 21]"
100,"{'nystroem__gamma': 0.00020460265659332975, 'ridge_classification__alpha': 0.0001}",0.729,0.7716681957244873,0.7414459794382229,"[0.01008797 0.01071692 0.01142299 0.01040065 0.00960302 0.01249075
 0.00953448 0.01056945 0.00687659 0.00355601 0.00550246 0.00362849
 0.0092864  0.00699759 0.00635648 0.00362396 0.01016998 0.00571096
 0.01196337 0.00767255 0.00749266 0.00692451 0.00740588 0.00426531
 0.00738156]","[5.66959381e-04 4.31537628e-05 3.21030617e-04 2.50458717e-04
 8.84056091e-04 5.97596169e-03 8.41498375e-04 1.79409981e-04
 3.33249569e-03 1.91926956e-04 2.02560425e-03 2.27451324e-04
 6.95705414e-04 3.42345238e-03 2.64048576e-03 1.69038773e-04
 6.57510757e-03 2.16495991e-03 8.40759277e-03 4.10342216e-03
 3.94046307e-03 3.43549252e-03 3.76307964e-03 7.60316849e-04
 2.40838528e-03]","[0.00163114 0.00122559 0.00271618 0.00120652 0.00607347 0.00120914
 0.00119746 0.00123    0.00122106 0.00111699 0.00117207 0.00427651
 0.00376689 0.00119448 0.00388956 0.00243902 0.00115061 0.00112545
 0.00115299 0.00114858 0.00219393 0.00113082 0.00118697 0.001127
 0.00121713]","[3.12924385e-04 3.15904617e-05 1.48403645e-03 9.65595245e-06
 3.14354897e-03 1.41859055e-05 1.06096268e-05 4.48226929e-05
 6.99758530e-05 7.86781311e-06 6.10351562e-05 3.13544273e-03
 4.49776649e-04 7.34329224e-05 2.76851654e-03 1.30987167e-03
 3.43322754e-05 1.54972076e-06 3.79085541e-05 4.35113907e-05
 1.09601021e-03 1.90734863e-05 7.68899918e-05 1.02519989e-05
 7.20024109e-05]","[1.808449074074074e-05 1.808449074074074e-05 1.808449074074074e-05
 1.808449074074074e-05 1.808449074074074e-05 0.00020460265659332975
 0.00020460265659332975 0.00020460265659332975 0.00020460265659332975
 0.00020460265659332975 0.0023148148148148147 0.0023148148148148147
 0.0023148148148148147 0.0023148148148148147 0.0023148148148148147
 0.026189140043946207 0.026189140043946207 0.026189140043946207
 0.026189140043946207 0.026189140043946207 0.2962962962962963
 0.2962962962962963 0.2962962962962963 0.2962962962962963
 0.2962962962962963]","[0.0001 0.0031622776601683794 0.1 3.1622776601683795 100.0 0.0001
 0.0031622776601683794 0.1 3.1622776601683795 100.0 0.0001
 0.0031622776601683794 0.1 3.1622776601683795 100.0 0.0001
 0.0031622776601683794 0.1 3.1622776601683795 100.0 0.0001
 0.0031622776601683794 0.1 3.1622776601683795 100.0]","[{'nystroem__gamma': 1.808449074074074e-05, 'ridge_classification__alpha': 0.0001}, {'nystroem__gamma': 1.808449074074074e-05, 'ridge_classification__alpha': 0.0031622776601683794}, {'nystroem__gamma': 1.808449074074074e-05, 'ridge_classification__alpha': 0.1}, {'nystroem__gamma': 1.808449074074074e-05, 'ridge_classification__alpha': 3.1622776601683795}, {'nystroem__gamma': 1.808449074074074e-05, 'ridge_classification__alpha': 100.0}, {'nystroem__gamma': 0.00020460265659332975, 'ridge_classification__alpha': 0.0001}, {'nystroem__gamma': 0.00020460265659332975, 'ridge_classification__alpha': 0.0031622776601683794}, {'nystroem__gamma': 0.00020460265659332975, 'ridge_classification__alpha': 0.1}, {'nystroem__gamma': 0.00020460265659332975, 'ridge_classification__alpha': 3.1622776601683795}, {'nystroem__gamma': 0.00020460265659332975, 'ridge_classification__alpha': 100.0}, {'nystroem__gamma': 0.0023148148148148147, 'ridge_classification__alpha': 0.0001}, {'nystroem__gamma': 0.0023148148148148147, 'ridge_classification__alpha': 0.0031622776601683794}, {'nystroem__gamma': 0.0023148148148148147, 'ridge_classification__alpha': 0.1}, {'nystroem__gamma': 0.0023148148148148147, 'ridge_classification__alpha': 3.1622776601683795}, {'nystroem__gamma': 0.0023148148148148147, 'ridge_classification__alpha': 100.0}, {'nystroem__gamma': 0.026189140043946207, 'ridge_classification__alpha': 0.0001}, {'nystroem__gamma': 0.026189140043946207, 'ridge_classification__alpha': 0.0031622776601683794}, {'nystroem__gamma': 0.026189140043946207, 'ridge_classification__alpha': 0.1}, {'nystroem__gamma': 0.026189140043946207, 'ridge_classification__alpha': 3.1622776601683795}, {'nystroem__gamma': 0.026189140043946207, 'ridge_classification__alpha': 100.0}, {'nystroem__gamma': 0.2962962962962963, 'ridge_classification__alpha': 0.0001}, {'nystroem__gamma': 0.2962962962962963, 'ridge_classification__alpha': 0.0031622776601683794}, {'nystroem__gamma': 0.2962962962962963, 'ridge_classification__alpha': 0.1}, {'nystroem__gamma': 0.2962962962962963, 'ridge_classification__alpha': 3.1622776601683795}, {'nystroem__gamma': 0.2962962962962963, 'ridge_classification__alpha': 100.0}]","[0.728 0.714 0.666 0.526 0.526 0.724 0.726 0.696 0.568 0.526 0.734 0.722
 0.714 0.664 0.526 0.696 0.706 0.694 0.702 0.612 0.646 0.584 0.628 0.644
 0.526]","[0.716 0.698 0.666 0.528 0.528 0.734 0.716 0.674 0.566 0.528 0.7   0.734
 0.71  0.676 0.528 0.718 0.7   0.71  0.698 0.608 0.642 0.654 0.642 0.594
 0.546]","[0.722 0.706 0.666 0.527 0.527 0.729 0.721 0.685 0.567 0.527 0.717 0.728
 0.712 0.67  0.527 0.707 0.703 0.702 0.7   0.61  0.644 0.619 0.635 0.619
 0.536]","[0.006 0.008 0.    0.001 0.001 0.005 0.005 0.011 0.001 0.001 0.017 0.006
 0.002 0.006 0.001 0.011 0.003 0.008 0.002 0.002 0.002 0.035 0.007 0.025
 0.01 ]","[ 3  8 14 22 22  1  4 12 20 22  5  2  6 13 22  7  9 10 11 19 15 17 16 17
 21]"
200,"{'nystroem__gamma': 0.0023148148148148147, 'ridge_classification__alpha': 0.0031622776601683794}",0.74,0.8334200382232666,0.7484911419129796,"[0.01686347 0.01769948 0.0185324  0.01462448 0.02230525 0.01859355
 0.0167439  0.02178848 0.01084363 0.01825917 0.02009666 0.0152663
 0.01477647 0.02142751 0.01367891 0.02110684 0.01774299 0.01463735
 0.02227247 0.01724839 0.02712917 0.01513922 0.01263237 0.01309896
 0.01276052]","[1.71542168e-04 1.59502029e-04 7.15553761e-03 2.41243839e-03
 5.27453423e-03 7.06839561e-03 1.07049942e-04 3.20231915e-03
 2.91466713e-04 7.51912594e-03 1.69169903e-03 4.17745113e-03
 1.02353096e-03 2.96676159e-03 2.94888020e-03 3.68106365e-03
 5.45299053e-03 3.73351574e-03 1.07944012e-03 5.65052032e-05
 1.53870583e-02 3.48794460e-03 9.78469849e-04 1.52182579e-03
 8.02636147e-04]","[0.00228596 0.00279605 0.00503707 0.00237298 0.00232267 0.00225449
 0.00504208 0.0033232  0.00217748 0.00216234 0.00233495 0.00230503
 0.01161849 0.00462854 0.00220871 0.00530052 0.00228345 0.00220609
 0.00242209 0.00234759 0.00231934 0.00231326 0.00224245 0.00238788
 0.00251758]","[1.78813934e-05 5.36084175e-04 2.78401375e-03 9.58442688e-05
 3.33786011e-05 3.14712524e-05 2.78592110e-03 1.03390217e-03
 9.53674316e-06 2.63452530e-05 8.61883163e-05 7.98702240e-05
 9.31155682e-03 2.16162205e-03 6.05583191e-05 2.95352936e-03
 1.65700912e-05 5.19752502e-05 8.10623169e-05 1.94311142e-05
 5.14984131e-05 1.75237656e-05 4.04119492e-05 1.67965889e-04
 1.37448311e-04]","[1.808449074074074e-05 1.808449074074074e-05 1.808449074074074e-05
 1.808449074074074e-05 1.808449074074074e-05 0.00020460265659332975
 0.00020460265659332975 0.00020460265659332975 0.00020460265659332975
 0.00020460265659332975 0.0023148148148148147 0.0023148148148148147
 0.0023148148148148147 0.0023148148148148147 0.0023148148148148147
 0.026189140043946207 0.026189140043946207 0.026189140043946207
 0.026189140043946207 0.026189140043946207 0.2962962962962963
 0.2962962962962963 0.2962962962962963 0.2962962962962963
 0.2962962962962963]","[0.0001 0.0031622776601683794 0.1 3.1622776601683795 100.0 0.0001
 0.0031622776601683794 0.1 3.1622776601683795 100.0 0.0001
 0.0031622776601683794 0.1 3.1622776601683795 100.0 0.0001
 0.0031622776601683794 0.1 3.1622776601683795 100.0 0.0001
 0.0031622776601683794 0.1 3.1622776601683795 100.0]","[{'nystroem__gamma': 1.808449074074074e-05, 'ridge_classification__alpha': 0.0001}, {'nystroem__gamma': 1.808449074074074e-05, 'ridge_classification__alpha': 0.0031622776601683794}, {'nystroem__gamma': 1.808449074074074e-05, 'ridge_classification__alpha': 0.1}, {'nystroem__gamma': 1.808449074074074e-05, 'ridge_classification__alpha': 3.1622776601683795}, {'nystroem__gamma': 1.808449074074074e-05, 'ridge_classification__alpha': 100.0}, {'nystroem__gamma': 0.00020460265659332975, 'ridge_classification__alpha': 0.0001}, {'nystroem__gamma': 0.00020460265659332975, 'ridge_classification__alpha': 0.0031622776601683794}, {'nystroem__gamma': 0.00020460265659332975, 'ridge_classification__alpha': 0.1}, {'nystroem__gamma': 0.00020460265659332975, 'ridge_classification__alpha': 3.1622776601683795}, {'nystroem__gamma': 0.00020460265659332975, 'ridge_classification__alpha': 100.0}, {'nystroem__gamma': 0.0023148148148148147, 'ridge_classification__alpha': 0.0001}, {'nystroem__gamma': 0.0023148148148148147, 'ridge_classification__alpha': 0.0031622776601683794}, {'nystroem__gamma': 0.0023148148148148147, 'ridge_classification__alpha': 0.1}, {'nystroem__gamma': 0.0023148148148148147, 'ridge_classification__alpha': 3.1622776601683795}, {'nystroem__gamma': 0.0023148148148148147, 'ridge_classification__alpha': 100.0}, {'nystroem__gamma': 0.026189140043946207, 'ridge_classification__alpha': 0.0001}, {'nystroem__gamma': 0.026189140043946207, 'ridge_classification__alpha': 0.0031622776601683794}, {'nystroem__gamma': 0.026189140043946207, 'ridge_classification__alpha': 0.1}, {'nystroem__gamma': 0.026189140043946207, 'ridge_classification__alpha': 3.1622776601683795}, {'nystroem__gamma': 0.026189140043946207, 'ridge_classification__alpha': 100.0}, {'nystroem__gamma': 0.2962962962962963, 'ridge_classification__alpha': 0.0001}, {'nystroem__gamma': 0.2962962962962963, 'ridge_classification__alpha': 0.0031622776601683794}, {'nystroem__gamma': 0.2962962962962963, 'ridge_classification__alpha': 0.1}, {'nystroem__gamma': 0.2962962962962963, 'ridge_classification__alpha': 3.1622776601683795}, {'nystroem__gamma': 0.2962962962962963, 'ridge_classification__alpha': 100.0}]","[0.728 0.718 0.654 0.526 0.526 0.744 0.728 0.69  0.57  0.526 0.716 0.742
 0.734 0.682 0.526 0.728 0.736 0.734 0.694 0.61  0.642 0.658 0.674 0.652
 0.53 ]","[0.718 0.698 0.664 0.528 0.528 0.73  0.718 0.686 0.566 0.528 0.72  0.738
 0.728 0.676 0.528 0.714 0.722 0.734 0.692 0.616 0.656 0.666 0.674 0.652
 0.544]","[0.723 0.708 0.659 0.527 0.527 0.737 0.723 0.688 0.568 0.527 0.718 0.74
 0.731 0.679 0.527 0.721 0.729 0.734 0.693 0.613 0.649 0.662 0.674 0.652
 0.537]","[0.005 0.01  0.005 0.001 0.001 0.007 0.005 0.002 0.002 0.001 0.002 0.002
 0.003 0.003 0.001 0.007 0.007 0.    0.001 0.003 0.007 0.004 0.    0.
 0.007]","[ 6 10 16 22 22  2  6 12 20 22  9  1  4 13 22  8  5  3 11 19 18 15 14 17
 21]"
500,"{'nystroem__gamma': 0.00020460265659332975, 'ridge_classification__alpha': 0.0001}",0.74,0.8992400169372559,0.7508318799339085,"[0.11512196 0.17949986 0.12029243 0.11187255 0.09631944 0.094347
 0.09565341 0.09362936 0.09244752 0.09218252 0.09513557 0.09482145
 0.09450901 0.09418285 0.09924197 0.09276235 0.09671187 0.09249711
 0.08926547 0.09240508 0.09842694 0.09409046 0.09084117 0.09255612
 0.08954453]","[4.92298603e-03 9.10997391e-03 3.33826542e-02 4.05442715e-03
 3.68046761e-03 5.24783134e-03 1.88648701e-03 1.11365318e-03
 9.44137573e-05 6.78658485e-04 1.20365620e-03 3.01551819e-03
 1.72793865e-03 2.58886814e-03 8.25381279e-03 1.90615654e-04
 2.02298164e-03 3.38196754e-03 2.41744518e-03 2.78997421e-03
 4.24981117e-04 2.16174126e-03 1.03390217e-03 1.07705593e-03
 2.86579132e-04]","[0.04770052 0.01025367 0.0368495  0.01150346 0.00918758 0.01084805
 0.00949848 0.00965416 0.00883889 0.0102464  0.00953698 0.00940514
 0.00981998 0.00965512 0.00936806 0.00932443 0.00883746 0.00902438
 0.0104531  0.01033938 0.00916052 0.00945902 0.00921547 0.00895286
 0.00859296]","[3.90154123e-02 3.55482101e-04 2.53615379e-02 1.24645233e-03
 2.00390816e-04 6.07013702e-04 4.63604927e-04 1.02877617e-04
 1.00135803e-05 5.10573387e-04 1.28984451e-04 6.60419464e-05
 5.19037247e-04 7.02977180e-04 4.19020653e-04 4.07338142e-04
 7.93933868e-05 1.83582306e-05 1.48904324e-03 1.07562542e-03
 8.44001770e-05 2.26259232e-04 1.35779381e-04 1.96933746e-04
 1.70469284e-05]","[1.808449074074074e-05 1.808449074074074e-05 1.808449074074074e-05
 1.808449074074074e-05 1.808449074074074e-05 0.00020460265659332975
 0.00020460265659332975 0.00020460265659332975 0.00020460265659332975
 0.00020460265659332975 0.0023148148148148147 0.0023148148148148147
 0.0023148148148148147 0.0023148148148148147 0.0023148148148148147
 0.026189140043946207 0.026189140043946207 0.026189140043946207
 0.026189140043946207 0.026189140043946207 0.2962962962962963
 0.2962962962962963 0.2962962962962963 0.2962962962962963
 0.2962962962962963]","[0.0001 0.0031622776601683794 0.1 3.1622776601683795 100.0 0.0001
 0.0031622776601683794 0.1 3.1622776601683795 100.0 0.0001
 0.0031622776601683794 0.1 3.1622776601683795 100.0 0.0001
 0.0031622776601683794 0.1 3.1622776601683795 100.0 0.0001
 0.0031622776601683794 0.1 3.1622776601683795 100.0]","[{'nystroem__gamma': 1.808449074074074e-05, 'ridge_classification__alpha': 0.0001}, {'nystroem__gamma': 1.808449074074074e-05, 'ridge_classification__alpha': 0.0031622776601683794}, {'nystroem__gamma': 1.808449074074074e-05, 'ridge_classification__alpha': 0.1}, {'nystroem__gamma': 1.808449074074074e-05, 'ridge_classification__alpha': 3.1622776601683795}, {'nystroem__gamma': 1.808449074074074e-05, 'ridge_classification__alpha': 100.0}, {'nystroem__gamma': 0.00020460265659332975, 'ridge_classification__alpha': 0.0001}, {'nystroem__gamma': 0.00020460265659332975, 'ridge_classification__alpha': 0.0031622776601683794}, {'nystroem__gamma': 0.00020460265659332975, 'ridge_classification__alpha': 0.1}, {'nystroem__gamma': 0.00020460265659332975, 'ridge_classification__alpha': 3.1622776601683795}, {'nystroem__gamma': 0.00020460265659332975, 'ridge_classification__alpha': 100.0}, {'nystroem__gamma': 0.0023148148148148147, 'ridge_classification__alpha': 0.0001}, {'nystroem__gamma': 0.0023148148148148147, 'ridge_classification__alpha': 0.0031622776601683794}, {'nystroem__gamma': 0.0023148148148148147, 'ridge_classification__alpha': 0.1}, {'nystroem__gamma': 0.0023148148148148147, 'ridge_classification__alpha': 3.1622776601683795}, {'nystroem__gamma': 0.0023148148148148147, 'ridge_classification__alpha': 100.0}, {'nystroem__gamma': 0.026189140043946207, 'ridge_classification__alpha': 0.0001}, {'nystroem__gamma': 0.026189140043946207, 'ridge_classification__alpha': 0.0031622776601683794}, {'nystroem__gamma': 0.026189140043946207, 'ridge_classification__alpha': 0.1}, {'nystroem__gamma': 0.026189140043946207, 'ridge_classification__alpha': 3.1622776601683795}, {'nystroem__gamma': 0.026189140043946207, 'ridge_classification__alpha': 100.0}, {'nystroem__gamma': 0.2962962962962963, 'ridge_classification__alpha': 0.0001}, {'nystroem__gamma': 0.2962962962962963, 'ridge_classification__alpha': 0.0031622776601683794}, {'nystroem__gamma': 0.2962962962962963, 'ridge_classification__alpha': 0.1}, {'nystroem__gamma': 0.2962962962962963, 'ridge_classification__alpha': 3.1622776601683795}, {'nystroem__gamma': 0.2962962962962963, 'ridge_classification__alpha': 100.0}]","[0.728 0.714 0.662 0.526 0.526 0.742 0.73  0.694 0.572 0.526 0.714 0.736
 0.734 0.672 0.526 0.654 0.716 0.72  0.704 0.614 0.692 0.692 0.688 0.676
 0.53 ]","[0.72  0.7   0.664 0.528 0.528 0.738 0.718 0.68  0.58  0.528 0.732 0.732
 0.728 0.676 0.528 0.696 0.73  0.752 0.7   0.62  0.688 0.686 0.704 0.68
 0.546]","[0.724 0.707 0.663 0.527 0.527 0.74  0.724 0.687 0.576 0.527 0.723 0.734
 0.731 0.674 0.527 0.675 0.723 0.736 0.702 0.617 0.69  0.689 0.696 0.678
 0.538]","[0.004 0.007 0.001 0.001 0.001 0.002 0.006 0.007 0.004 0.001 0.009 0.002
 0.003 0.002 0.001 0.021 0.007 0.016 0.002 0.003 0.002 0.003 0.008 0.002
 0.008]","[ 5  9 18 22 22  1  5 14 20 22  7  3  4 17 22 16  7  2 10 19 12 13 11 15
 21]"
